Workbook

Sheet Sheet1
A1: poi_type | B1: maki | D1: maki_original | E1: maki_clean | G1: poi_type | H1: maki_clean
A2: acai shop | B2: restaurant | D2: airport | E2: =TRIM(D2) -> airport | G2: acai shop | H2: shop
A3: accounting | B3: bank | D3: airfield | E3: =TRIM(D3) -> airfield | G3: accounting | H3: bank
A4: adventure sports center | B4: stadium | D4: heliport | E4: =TRIM(D4) -> heliport | G4: adventure sports center | H4: basketball
A5: african restaurant | B5: restaurant | D5: rocket | E5: =TRIM(D5) -> rocket | G5: african restaurant | H5: restaurant
A6: airport | B6: airport | D6: marker | E6: =TRIM(D6) -> marker | G6: airport | H6: airport
A7: amusement park | B7: =TRIM(A7) -> amusement park | D7: mountain | E7: =TRIM(D7) -> mountain | G7: amusement park | H7: amusement-park
A8: apartment building | B8: marker | D8: volcano | E8: =TRIM(D8) -> volcano | G8: apartment building | H8: lodging
A9: apartment complex | B9: marker | D9: waterfall | E9: =TRIM(D9) -> waterfall | G9: apartment complex | H9: lodging
A10: art gallery | B10: art-gallery | D10: alcohol-shop | E10: =TRIM(D10) -> alcohol-shop | G10: art gallery | H10: art-gallery
A11: art studio | B11: art-gallery | D11: american-football | E11: =TRIM(D11) -> american-football | G11: art studio | H11: art-gallery
A12: asian restaurant | B12: restaurant | D12: amusement-park | E12: =TRIM(D12) -> amusement-park | G12: asian restaurant | H12: restaurant-noodle
A13: atm | B13: bank | D13: aquarium | E13: =TRIM(D13) -> aquarium | G13: atm | H13: bank
A14: auditorium | B14: theater | D14: art-gallery | E14: =TRIM(D14) -> art-gallery | G14: auditorium | H14: theatre
A15: auto parts store | B15: shop | D15: attraction | E15: =TRIM(D15) -> attraction | G15: auto parts store | H15: car
A16: bakery | B16: bakery | D16: bakery | E16: =TRIM(D16) -> bakery | G16: bakery | H16: bakery
A17: bank | B17: bank | D17: bank | E17: =TRIM(D17) -> bank | G17: bank | H17: bank
A18: bar | B18: bar | D18: bar | E18: =TRIM(D18) -> bar | G18: bar | H18: bar
A19: bar and grill | B19: restaurant | D19: basketball | E19: =TRIM(D19) -> basketball | G19: bar and grill | H19: restaurant
A20: barber shop | B20: #N/A | D20: beach | E20: =TRIM(D20) -> beach | G20: barber shop | H20: shop
A21: beauty salon | B21: #N/A | D21: beer | E21: =TRIM(D21) -> beer | G21: beauty salon | H21: shop
A22: bed and breakfast | B22: fast-food | D22: bicycle | E22: =TRIM(D22) -> bicycle | G22: bed and breakfast | H22: lodging
A23: bicycle store | B23: bicycle | D23: bowling-alley | E23: =TRIM(D23) -> bowling-alley | G23: bicycle store | H23: bicycle
A24: body art service | B24: art-gallery | D24: bridge | E24: =TRIM(D24) -> bridge | G24: body art service | H24: shop
A25: book store | B25: #N/A | D25: cafe | E25: =TRIM(D25) -> cafe | G25: book store | H25: shop
A26: botanical garden | B26: #N/A | D26: campsite | E26: =TRIM(D26) -> campsite | G26: botanical garden | H26: garden
A27: buffet restaurant | B27: #N/A | D27: car | E27: =TRIM(D27) -> car | G27: buffet restaurant | H27: restaurant
A28: building | B28: #N/A | D28: car-rental | E28: =TRIM(D28) -> car-rental | G28: building | H28: marker
A29: bus station | B29: #N/A | D29: car-repair | E29: =TRIM(D29) -> car-repair | G29: bus station | H29: bus
A30: bus stop | B30: #N/A | D30: casino | E30: =TRIM(D30) -> casino | G30: bus stop | H30: bus
A31: butcher shop | B31: #N/A | D31: castle | E31: =TRIM(D31) -> castle | G31: butcher shop | H31: shop
A32: cafeteria | B32: #N/A | D32: cemetery | E32: =TRIM(D32) -> cemetery | G32: cafeteria | H32: cafe
A33: candy store | B33: #N/A | D33: charging-station | E33: =TRIM(D33) -> charging-station | G33: candy store | H33: confectionery
A34: car dealer | B34: #N/A | D34: cinema | E34: =TRIM(D34) -> cinema | G34: car dealer | H34: car
A35: car rental | B35: #N/A | D35: clothing-store | E35: =TRIM(D35) -> clothing-store | G35: car rental | H35: car-rental
A36: car repair | B36: #N/A | D36: college | E36: =TRIM(D36) -> college | G36: car repair | H36: car-repair
... A39: cell phone store | B39: #N/A | D39: convenience | E39: =TRIM(D39) -> convenience | G39: cell phone store | H39: mobile-phone
A40: cemetery | B40: cemetery | D40: dentist | E40: =TRIM(D40) -> dentist | G40: cemetery | H40: cemetery
A41: child care agency | B41: #N/A | D41: doctor | E41: =TRIM(D41) -> doctor | G41: child care agency | H41: school
A42: childrens camp | B42: #N/A | D42: dog-park | E42: =TRIM(D42) -> dog-park | G42: childrens camp | H42: campsite
A43: chinese restaurant | B43: #N/A | D43: drinking-water | E43: =TRIM(D43) -> drinking-water | G43: chinese restaurant | H43: restaurant-noodle
A44: chocolate factory | B44: #N/A | D44: embassy | E44: =TRIM(D44) -> embassy | G44: chocolate factory | H44: confectionery
A45: chocolate shop | B45: #N/A | D45: farm | E45: =TRIM(D45) -> farm | G45: chocolate shop | H45: confectionery
A46: church | B46: #N/A | D46: fast-food | E46: =TRIM(D46) -> fast-food | G46: church | H46: religious-christian
A47: city hall | B47: #N/A | D47: fire-station | E47: =TRIM(D47) -> fire-station | G47: city hall | H47: town-hall
A48: clothing store | B48: #N/A | D48: fitness-centre | E48: =TRIM(D48) -> fitness-centre | G48: clothing store | H48: clothing-store
A49: coffee shop | B49: #N/A | D49: fuel | E49: =TRIM(D49) -> fuel | G49: coffee shop | H49: cafe
A50: community center | B50: #N/A | D50: furniture | E50: =TRIM(D50) -> furniture | G50: community center | H50: town-hall
A51: concert hall | B51: #N/A | D51: garden | E51: =TRIM(D51) -> garden | G51: concert hall | H51: music
A52: condominium complex | B52: #N/A | D52: globe | E52: =TRIM(D52) -> globe | G52: condominium complex | H52: lodging
A53: confectionery | B53: confectionery | D53: golf | E53: =TRIM(D53) -> golf | G53: confectionery | H53: confectionery
A54: convenience store | B54: #N/A | D54: grocery | E54: =TRIM(D54) -> grocery | G54: convenience store | H54: convenience
A55: convention center | B55: #N/A | D55: harbor | E55: =TRIM(D55) -> harbor | G55: convention center | H55: town-hall
A56: corporate office | B56: #N/A | D56: hardware | E56: =TRIM(D56) -> hardware | G56: corporate office | H56: building
A57: cottage | B57: #N/A | D57: horse-riding | E57: =TRIM(D57) -> horse-riding | G57: cottage | H57: lodging
A58: courier service | B58: #N/A | D58: hospital | E58: =TRIM(D58) -> hospital | G58: courier service | H58: communications-tower
A59: courthouse | B59: #N/A | D59: ice-cream | E59: =TRIM(D59) -> ice-cream | G59: courthouse | H59: town-hall
A60: cultural center | B60: #N/A | D60: information | E60: =TRIM(D60) -> information | G60: cultural center | H60: museum
A61: cultural landmark | B61: #N/A | D61: jewelry-store | E61: =TRIM(D61) -> jewelry-store | G61: cultural landmark | H61: monument
A62: cycling park | B62: #N/A | D62: laundry | E62: =TRIM(D62) -> laundry | G62: cycling park | H62: bicycle
A63: deli | B63: #N/A | D63: library | E63: =TRIM(D63) -> library | G63: deli | H63: restaurant
A64: dental clinic | B64: #N/A | D64: lodging | E64: =TRIM(D64) -> lodging | G64: dental clinic | H64: dentist
A65: department store | B65: #N/A | D65: marker | E65: =TRIM(D65) -> marker | G65: department store | H65: shop
... A70: electronics store | B70: #N/A | D70: optician | E70: =TRIM(D70) -> optician | G70: electronics store | H70: shop
A71: embassy | B71: embassy | D71: park | E71: =TRIM(D71) -> park | G71: embassy | H71: embassy
A72: event venue | B72: #N/A | D72: parking | E72: =TRIM(D72) -> parking | G72: event venue | H72: theatre
A73: farm | B73: farm | D73: parking-garage | E73: =TRIM(D73) -> parking-garage | G73: farm | H73: farm
A74: farmstay | B74: #N/A | D74: pharmacy | E74: =TRIM(D74) -> pharmacy | G74: farmstay | H74: lodging
A75: fast food restaurant | B75: #N/A | D75: picnic-site | E75: =TRIM(D75) -> picnic-site | G75: fast food restaurant | H75: fast-food
A76: ferry terminal | B76: #N/A | D76: pitch | E76: =TRIM(D76) -> pitch | G76: ferry terminal | H76: ferry
A77: fine dining restaurant | B77: #N/A | D77: place-of-worship | E77: =TRIM(D77) -> place-of-worship | G77: fine dining restaurant | H77: restaurant
A78: fire station | B78: #N/A | D78: playground | E78: =TRIM(D78) -> playground | G78: fire station | H78: fire-station
A79: fishing charter | B79: #N/A | D79: police | E79: =TRIM(D79) -> police | G79: fishing charter | H79: harbor
A80: fishing pond | B80: #N/A | D80: post | E80: =TRIM(D80) -> post | G80: fishing pond | H80: park
A81: fitness center | B81: #N/A | D81: prison | E81: =TRIM(D81) -> prison | G81: fitness center | H81: fitness-centre
A82: food court | B82: #N/A | D82: ranger-station | E82: =TRIM(D82) -> ranger-station | G82: food court | H82: restaurant
A83: food delivery | B83: #N/A | D83: religious-buddhist | E83: =TRIM(D83) -> religious-buddhist | G83: food delivery | H83: restaurant
A84: food store | B84: #N/A | D84: religious-christian | E84: =TRIM(D84) -> religious-christian | G84: food store | H84: grocery
A85: furniture store | B85: #N/A | D85: religious-jewish | E85: =TRIM(D85) -> religious-jewish | G85: furniture store | H85: furniture
A86: garden | B86: garden | D86: religious-muslim | E86: =TRIM(D86) -> religious-muslim | G86: garden | H86: garden
A87: gas station | B87: #N/A | D87: restaurant | E87: =TRIM(D87) -> restaurant | G87: gas station | H87: fuel
A88: gift shop | B88: #N/A | D88: restaurant-noodle | E88: =TRIM(D88) -> restaurant-noodle | G88: gift shop | H88: shop
A89: golf course | B89: #N/A | D89: restaurant-pizza | E89: =TRIM(D89) -> restaurant-pizza | G89: golf course | H89: golf
A90: government office | B90: #N/A | D90: restaurant-seafood | E90: =TRIM(D90) -> restaurant-seafood | G90: government office | H90: town-hall
A91: grocery store | B91: #N/A | D91: school | E91: =TRIM(D91) -> school | G91: grocery store | H91: grocery
A92: guest house hostel | B92: #N/A | D92: shoe | E92: =TRIM(D92) -> shoe | G92: guest house hostel | H92: lodging
A93: gym | B93: #N/A | D93: shop | E93: =TRIM(D93) -> shop | G93: gym | H93: fitness-centre
A94: hair salon | B94: #N/A | D94: skateboard | E94: =TRIM(D94) -> skateboard | G94: hair salon | H94: shop
A95: hardware store | B95: #N/A | D95: slipway | E95: =TRIM(D95) -> slipway | G95: hardware store | H95: hardware
A96: heliport | B96: heliport | D96: stadium | E96: =TRIM(D96) -> stadium | G96: heliport | H96: heliport
A97: hiking area | B97: #N/A | D97: suitcase | E97: =TRIM(D97) -> suitcase | G97: hiking area | H97: park
A98: hindu temple | B98: #N/A | D98: swimming | E98: =TRIM(D98) -> swimming | G98: hindu temple | H98: place-of-worship
A99: historical landmark | B99: #N/A | D99: table-tennis | E99: =TRIM(D99) -> table-tennis | G99: historical landmark | H99: monument
A100: historical place | B100: #N/A | D100: tennis | E100: =TRIM(D100) -> tennis | G100: historical place | H100: monument
A101: home goods store | B101: #N/A | D101: theatre | E101: =TRIM(D101) -> theatre | G101: home goods store | H101: furniture
A102: home improvement store | B102: #N/A | D102: toilet | E102: =TRIM(D102) -> toilet | G102: home improvement store | H102: hardware
A103: hospital | B103: hospital | D103: town-hall | E103: =TRIM(D103) -> town-hall | G103: hospital | H103: hospital
A104: housing complex | B104: #N/A | D104: veterinary | E104: =TRIM(D104) -> veterinary | G104: housing complex | H104: lodging
A105: ice cream shop | B105: #N/A | D105: viewpoint | E105: =TRIM(D105) -> viewpoint | G105: ice cream shop | H105: ice-cream
A106: ice skating rink | B106: #N/A | D106: volleyball | E106: =TRIM(D106) -> volleyball | G106: ice skating rink | H106: park
...

Sheet Sheet3
A1: maki | B1: class | I1: category | J1: color
A2: airport | B2: motorist | I2: motorist | J2: 78553a
A3: airfield | B3: motorist | I3: landmark | J3: 78553a
A4: heliport | B4: motorist | I4: general | J4: 78553a
A5: rocket | B5: landmark | I5: park_like | J5: 78553a
A6: marker | B6: general | I6: food_and_drink_stores | J6: b64f1b
A7: mountain | B7: landmark | I7: sport_and_leisure | J7: 78553a
A8: volcano | B8: landmark | I8: arts_and_entertainment | J8: 78553a
A9: waterfall | B9: park_like | I9: visitor_amenities | J9: 78553a
A10: alcohol-shop | B10: food_and_drink_stores | I10: commercial_services | J10: 78553a
A11: american-football | B11: sport_and_leisure | I11: food_and_drink | J11: b64f1b
A12: amusement-park | B12: sport_and_leisure | I12: historic | J12: 78553a
... A20: beach | B20: park_like | I20: religion | J20: 78553a
A21: beer | B21: food_and_drink
A22: bicycle | B22: motorist
A23: bowling-alley | B23: sport_and_leisure
A24: bridge | B24: landmark
A25: cafe | B25: food_and_drink
A26: campsite | B26: park_like
A27: car | B27: motorist
A28: car-rental | B28: motorist
A29: car-repair | B29: motorist
A30: casino | B30: arts_and_entertainment
A31: castle | B31: historic
A32: cemetery | B32: park_like
... A116: entrance | B116: general

Sheet maki
A1: poi_type | B1: maki | C1: osm_icon | D1: class
A2: acai shop | B2: shop | C2: shop | D2: =INDEX(Sheet3!B:B, MATCH(maki!B2,Sheet3!A:A,0)) -> store_like
A3: accounting | B3: bank | C3: bank | D3: =INDEX(Sheet3!B:B, MATCH(maki!B3,Sheet3!A:A,0)) -> commercial_services
A4: adventure sports center | B4: playground | C4: playground | D4: =INDEX(Sheet3!B:B, MATCH(maki!B4,Sheet3!A:A,0)) -> park_like
A5: african restaurant | B5: restaurant | C5: restaurant | D5: =INDEX(Sheet3!B:B, MATCH(maki!B5,Sheet3!A:A,0)) -> food_and_drink
A6: airport | B6: airport | C6: airport | D6: =INDEX(Sheet3!B:B, MATCH(maki!B6,Sheet3!A:A,0)) -> motorist
A7: amusement park | B7: amusement-park | C7: amusement_park | D7: =INDEX(Sheet3!B:B, MATCH(maki!B7,Sheet3!A:A,0)) -> sport_and_leisure
A8: apartment building | B8: lodging | C8: lodging | D8: =INDEX(Sheet3!B:B, MATCH(maki!B8,Sheet3!A:A,0)) -> lodging
A9: apartment complex | B9: lodging | C9: lodging | D9: =INDEX(Sheet3!B:B, MATCH(maki!B9,Sheet3!A:A,0)) -> lodging
A10: art gallery | B10: art-gallery | C10: art_gallery | D10: =INDEX(Sheet3!B:B, MATCH(maki!B10,Sheet3!A:A,0)) -> arts_and_entertainment
A11: art studio | B11: art-gallery | C11: art_gallery | D11: =INDEX(Sheet3!B:B, MATCH(maki!B11,Sheet3!A:A,0)) -> arts_and_entertainment
A12: asian restaurant | B12: restaurant-noodle | C12: restaurant | D12: =INDEX(Sheet3!B:B, MATCH(maki!B12,Sheet3!A:A,0)) -> food_and_drink
A13: atm | B13: bank | C13: bank | D13: =INDEX(Sheet3!B:B, MATCH(maki!B13,Sheet3!A:A,0)) -> commercial_services
... A198: zoo | B198: zoo | C198: zoo | D198: =INDEX(Sheet3!B:B, MATCH(maki!B198,Sheet3!A:A,0)) -> park_like

Sheet osm
A1: poi_type | B1: osm_sprite | C1: class
A2: acai shop | B2: shop | C2: =INDEX(maki!D:D,MATCH(osm!B2,maki!C:C,0)) -> store_like
A3: accounting | B3: town_hall | C3: =INDEX(maki!D:D,MATCH(osm!B3,maki!C:C,0)) -> building
A4: adventure sports center | B4: park | C4: =INDEX(maki!D:D,MATCH(osm!B4,maki!C:C,0)) -> park_like
A5: african restaurant | B5: restaurant | C5: =INDEX(maki!D:D,MATCH(osm!B5,maki!C:C,0)) -> food_and_drink
A6: airport | B6: airport | C6: =INDEX(maki!D:D,MATCH(osm!B6,maki!C:C,0)) -> motorist
A7: amusement park | B7: amusement_park | C7: =INDEX(maki!D:D,MATCH(osm!B7,maki!C:C,0)) -> sport_and_leisure
A8: apartment building | B8: building | C8: =INDEX(maki!D:D,MATCH(osm!B8,maki!C:C,0)) -> #N/A
A9: apartment complex | B9: housing_complex | C9: =INDEX(maki!D:D,MATCH(osm!B9,maki!C:C,0)) -> #N/A
A10: art gallery | B10: art_gallery | C10: =INDEX(maki!D:D,MATCH(osm!B10,maki!C:C,0)) -> arts_and_entertainment
A11: art studio | B11: art_gallery | C11: =INDEX(maki!D:D,MATCH(osm!B11,maki!C:C,0)) -> arts_and_entertainment
A12: asian restaurant | B12: restaurant | C12: =INDEX(maki!D:D,MATCH(osm!B12,maki!C:C,0)) -> food_and_drink
A13: atm | B13: bank | C13: =INDEX(maki!D:D,MATCH(osm!B13,maki!C:C,0)) -> commercial_services
... A198: zoo | B198: zoo | C198: =INDEX(maki!D:D,MATCH(osm!B198,maki!C:C,0)) -> park_like

Sheet source
B1: osm | D1: maki | F1: category
B2: airfield | D2: aerialway | F2: motorist
B3: airport | D3: airfield | F3: landmark
B4: alcohol_shop | D4: airport | F4: general
B5: amusement_park | D5: alcohol-shop | F5: park_like
B6: aquarium | D6: american-football | F6: food_and_drink_stores
B7: art_gallery | D7: amusement-park | F7: sport_and_leisure
B8: attraction | D8: animal-shelter | F8: arts_and_entertainment
B9: bakery | D9: aquarium | F9: visitor_amenities
B10: bank | D10: arrow | F10: commercial_services
B11: bar | D11: art-gallery | F11: food_and_drink
B12: beer | D12: attraction | F12: historic
... B20: cemetery | D20: bbq | F20: religion
B21: cinema | D21: beach
B22: circle | D22: beer
B23: circle_stroked | D23: bicycle-share
B24: clothing_store | D24: bicycle
B25: college | D25: blood-bank
B26: dentist | D26: bowling-alley
B27: doctor | D27: bridge
B28: dog_park | D28: building-alt1
B29: drinking_water | D29: building
B30: embassy | D30: bus
B31: entrance | D31: cafe
B32: fast_food | D32: campsite
... B82: zoo | D82: garden-centre
D83: garden
D84: gate
D85: gift
D86: globe
D87: golf
D88: grocery
D89: hairdresser
D90: harbor
D91: hardware
D92: heart
D93: heliport
D94: highway-rest-area
... D216: zoo
